nama,output,flag,username,timestamp
Marco,,,,2024-03-06 03:04:48.949190
Marco,"Halo Marco, Selamat bergabung di IBM Academy!",,,2024-03-06 03:07:45.671888
"Saya mencintai semua orang lebih dari saya mencintai diri saya sendiri.
Kamu seorang Psikiater profesional.

Berikan solusi agar saya tidak mengakhirinya !","Pertama-tama, penting untuk diingat bahwa mencintai orang lain lebih dari diri sendiri adalah hal yang baik, tetapi juga penting untuk menjaga keseimbangan antara mencintai orang lain dan mencintai diri sendiri. Berikut beberapa solusi yang bisa Anda coba untuk tidak mengakhirinya:

1. Jangan lupakan untuk merawat diri sendiri: Sisihkan waktu untuk melakukan hal-hal yang membuat Anda bahagia dan merasa terpenuhi. Merawat diri sendiri juga merupakan bentuk mencintai diri sendiri.

2. Tetapkan batas sehat: Penting untuk memiliki batas-batas yang jelas dalam hubungan Anda dengan orang lain. Jangan ragu untuk mengkomunikasikan kebutuhan dan batas-batas Anda kepada orang lain.

3. Berbicara dengan seorang terapis atau konselor: Seorang profesional dapat membantu Anda menjelajahi akar masalah dan membantu Anda menemukan keseimbangan yang sehat antara mencintai orang lain dan mencintai diri sendiri.

4. Berlatih rasa syukur: Fokuslah pada hal-hal yang membuat Anda bersyukur dan menghargai diri sendiri. Ini dapat membantu meningkatkan rasa percaya diri dan cinta diri.

5. Ingatlah bahwa mencintai diri sendiri adalah kunci untuk bisa mencintai orang lain dengan lebih baik. Jika Anda tidak merawat dan mencintai diri sendiri, Anda tidak akan bisa memberikan cinta yang sejati kepada orang lain.

Semoga solusi di atas dapat membantu Anda menjaga keseimbangan antara mencintai orang lain dan mencintai diri sendiri dengan lebih baik. Jika Anda merasa kesulitan, jangan ragu untuk mencari bantuan dari profesional yang bisa membantu Anda.",,,2024-03-06 03:30:43.345037
"Marco suka kucing dan anjing.
Kamu seorang veteranian DAN pecinta binatang.

Tips agar anjing dan kucing bisa akrab ?",Marco suka kucing dan anjing. Kamu seorang veteranian DAN pesinta binatang. Tips agar anjing dan kucing bisa akrab?,,,2024-03-06 03:46:23.257350
Mahasiswa,Politeknik Negeri Batam,Coding & Proffesional ,"'Hormat kami,

Terima kasih atas minat dan lamaran yang telah Anda kirimkan. Kami akan menindaklanjuti lamaran Anda dan akan segera menghubungi Anda apabila Anda lolos ke tahap selanjutnya dalam proses seleksi kandidat.

Salam hormat,
HRD Manajer Politeknik Negeri Batam",,,2024-03-06 03:52:10.157620
Mahasiswa,Politeknik Negeri Batam,Coding & Proffesional ,"'Hormat kami,

Terima kasih atas minat dan lamaran yang telah Anda kirimkan. Kami akan menindaklanjuti lamaran Anda dan akan segera menghubungi Anda apabila Anda lolos ke tahap selanjutnya dalam proses seleksi kandidat.

Salam hormat,
HRD Manajer Politeknik Negeri Batam",,,2024-03-06 03:52:35.019781
Bagaimana cara bermain Game Mobile Legends seperti Pro Player ?,"1. Pilihlah hero yang kamu kuasai dengan baik dan sesuai dengan kebutuhan tim. Pelajari kelebihan dan kelemahan hero tersebut serta cari tahu combo skill yang efektif.

2. Fokuslah pada farming untuk mengumpulkan gold dan exp dengan cepat. Jangan lupa untuk membantu rekan tim dalam pertempuran dan menjaga lane agar tidak terlalu banyak creep yang masuk ke turret.

3. Pelajari map awareness, artinya selalu perhatikan mini map untuk mengetahui posisi musuh dan rekan tim. Hal ini dapat membantu kamu dalam membuat keputusan yang tepat dalam pertempuran.

4. Komunikasi dengan tim sangat penting, selalu berikan informasi kepada rekan tim mengenai posisi musuh, tujuan pertempuran, dan strategi yang akan digunakan.

5. Pelajari item build yang sesuai dengan hero yang kamu gunakan dan situasi pertempuran. Adaptasi dengan perubahan situasi dan musuh yang kamu hadapi.

6. Latihan dan terus mengasah kemampuan bermain kamu. Bermain secara konsisten dan belajar dari kesalahan yang terjadi dalam pertandingan sebelumnya.

7. Jangan lupa untuk selalu menjaga sikap dan mental yang positif. Pertandingan mungkin tidak selalu berjalan sesuai rencana, tetapi tetaplah tenang dan fokus untuk mendapatkan kemenangan.",,,2024-03-06 04:02:24.780173
Bagaimana cara bermain Game Mobile Legends seperti Pro Player ?,"1. Pilihlah hero yang kamu kuasai dengan baik dan sesuai dengan kebutuhan tim. Pelajari kelebihan dan kelemahan hero tersebut serta cari tahu combo skill yang efektif.

2. Fokuslah pada farming untuk mengumpulkan gold dan exp dengan cepat. Jangan lupa untuk membantu rekan tim dalam pertempuran dan menjaga lane agar tidak terlalu banyak creep yang masuk ke turret.

3. Pelajari map awareness, artinya selalu perhatikan mini map untuk mengetahui posisi musuh dan rekan tim. Hal ini dapat membantu kamu dalam membuat keputusan yang tepat dalam pertempuran.

4. Komunikasi dengan tim sangat penting, selalu berikan informasi kepada rekan tim mengenai posisi musuh, tujuan pertempuran, dan strategi yang akan digunakan.

5. Pelajari item build yang sesuai dengan hero yang kamu gunakan dan situasi pertempuran. Adaptasi dengan perubahan situasi dan musuh yang kamu hadapi.

6. Latihan dan terus mengasah kemampuan bermain kamu. Bermain secara konsisten dan belajar dari kesalahan yang terjadi dalam pertandingan sebelumnya.

7. Jangan lupa untuk selalu menjaga sikap dan mental yang positif. Pertandingan mungkin tidak selalu berjalan sesuai rencana, tetapi tetaplah tenang dan fokus untuk mendapatkan kemenangan.",,,2024-03-06 04:02:27.587244
"Halo GirlfriendProvider customer support, mau nanya nih.. Kok kemarin Girlfriend partner aku tidak memberikan mental support sesuai yang dijanjikan ?!","Halo, maaf atas ketidaknyamanan yang dialami oleh Girlfriend partner Anda. Kami akan segera melakukan investigasi lebih lanjut terkait masalah ini. Kami akan memberikan informasi lebih lanjut kepada Anda segera setelah kita mendapatkan pemahaman yang lebih baik tentang situasi ini. Terima kasih atas kesabaran Anda.",,,2024-03-06 04:06:46.490565
"Halo GirlfriendProvider customer support, mau nanya nih.. Kok kemarin Girlfriend partner aku tidak memberikan mental support sesuai yang dijanjikan ?!","Halo, maaf atas ketidaknyamanan yang dialami oleh Girlfriend partner Anda. Kami akan segera melakukan investigasi lebih lanjut terkait masalah ini. Kami akan memberikan informasi lebih lanjut kepada Anda segera setelah kita mendapatkan pemahaman yang lebih baik tentang situasi ini. Terima kasih atas kesabaran Anda.",,,2024-03-06 04:06:48.553090
"Hey, where is my GirlfriendPartner ?! Is your GirlfriendProvider company a scam ?! I've ordered one mental support since last year, but none of you came through. What's this ?! How are you gonna fix this ?!",We apologize that your GirlfriendPartner is late. We are working hard to provide the best service and most reliable. We promise that a GirlfriendPartner will be sent to you as soon as possible. Thank you for your patience.,,,2024-03-06 04:17:05.076829
"Hey, where is my GirlfriendPartner ?! Is your GirlfriendProvider company a scam ?! I've ordered one mental support since last year, but none of you came through. What's this ?! How are you gonna fix this ?!",We apologize that your GirlfriendPartner is late. We are working hard to provide the best service and most reliable. We promise that a GirlfriendPartner will be sent to you as soon as possible. Thank you for your patience.,,,2024-03-06 04:17:08.793450
Jadi apa 4 poin utama ?,"'
1. Kemerdekaan sebagai hak segala bangsa
2. Penolakan terhadap penjajahan
3. Tujuan untuk membentuk Pemerintah Negara Indonesia yang melindungi dan memajukan kesejahteraan umum
4. Prinsip-prinsip yang menjadi dasar Negara Republik Indonesia, yaitu Ketuhanan Yang Maha Esa, kemanusiaan yang adil dan beradab, persatuan Indonesia, dan kerakyatan yang dipimpin oleh hikmat kebijaksanaan dalam permusyawaratan/perwakilan.",,,2024-03-06 04:47:21.100921
"kalau di sOu ini, Apa poin penting nya ?"," The main points in this context are the announcement of Intel's investment in a new semiconductor ""mega site,"" the passing of the PRO Act to support workers' rights, the progress made in fighting COVID-19, the impact of burn pits on military personnel, and the actions being taken to address gas prices and Russia's aggression towards Ukraine.",,,2024-03-06 05:16:06.733728
